"S.no","temperature","outlier","NA"
1,1,75.86333333,"Yes"
2,2,75.84333333,"Yes"
3,3,75.79,"Yes"
4,4,75.84166667,"Yes"
5,5,75.9,"Yes"
6,6,75.88,"Yes"
7,7,75.95166667,"Yes"
8,8,75.85166667,"Yes"
9,9,75.77666667,"Yes"
10,10,75.84333333,"Yes"
11,11,75.905,"Yes"
12,12,75.98,"Yes"
13,13,75.97833333,"No"
14,14,75.825,"Yes"
15,15,75.8,"Yes"
16,16,75.95666667,"Yes"
17,17,75.925,"Yes"
18,18,76.03666667,"Yes"
19,19,75.98,"Yes"
20,20,75.89,"Yes"
21,21,75.89333333,"Yes"
22,22,75.98333333,"Yes"
23,23,75.9,"Yes"
24,24,75.93666667,"Yes"
25,25,75.88666667,"Yes"
26,26,75.8,"No"
27,27,75.72666667,"No"
28,28,75.67,"Yes"
29,29,75.54,"Yes"
30,30,75.42666667,"Yes"
31,31,75.43,"No"
32,32,75.16666667,"Yes"
33,33,74.95333333,"Yes"
34,34,74.79666667,"Yes"
35,35,74.7,"No"
36,36,74.7,"Yes"
37,37,74.71333333,"Yes"
38,38,74.635,"Yes"
39,39,74.365,"No"
40,40,74.17166667,"No"
41,41,74.13666667,"Yes"
42,42,74.2,"Yes"
43,43,74.285,"Yes"
44,44,74.21,"Yes"
45,45,74.09166667,"Yes"
46,46,73.875,"Yes"
47,47,73.8,"Yes"
48,48,73.82,"Yes"
49,49,73.96833333,"Yes"
50,50,73.95666667,"Yes"
51,51,73.90333333,"Yes"
52,52,73.76166667,"Yes"
53,53,73.6,"No"
54,54,73.50666667,"Yes"
55,55,73.685,"Yes"
56,56,73.8,"Yes"
57,57,73.75333333,"Yes"
58,58,73.66166667,"Yes"
59,59,73.44833333,"Yes"
60,60,73.38166667,"Yes"
61,61,73.42333333,"Yes"
62,62,73.635,"Yes"
63,63,73.60166667,"Yes"
64,64,73.62,"Yes"
65,65,73.47833333,"Yes"
66,66,73.32333333,"No"
67,67,73.38666667,"No"
68,68,73.65166667,"No"
69,69,73.7,"No"
70,70,73.675,"No"
71,71,73.54166667,"No"
72,72,73.405,"No"
73,73,73.42,"No"
74,74,73.53666667,"No"
75,75,73.55333333,"No"
76,76,73.59166667,"No"
77,77,73.45666667,"No"
78,78,73.3,"No"
79,79,73.31166667,"No"
80,80,73.50666667,"No"
81,81,73.595,"No"
82,82,73.56333333,"No"
83,83,73.46833333,"No"
84,84,73.39833333,"No"
85,85,73.42833333,"No"
86,86,73.60166667,"No"
87,87,73.70166667,"No"
88,88,73.66833333,"No"
89,89,73.61666667,"No"
90,90,73.825,"No"
91,91,74,"No"
92,92,74.18333333,"No"
93,93,74.21,"No"
94,94,74.24666667,"No"
95,95,74.225,"No"
96,96,74.44,"No"
97,97,74.575,"No"
98,98,74.67833333,"No"
99,99,74.59333333,"No"
100,100,74.41833333,"No"
101,101,74.37666667,"No"
102,102,74.49333333,"No"
103,103,74.5,"No"
104,104,74.46666667,"No"
105,105,74.205,"No"
106,106,73.91333333,"No"
107,107,73.8,"No"
108,108,73.82,"No"
109,109,73.9,"No"
110,110,73.88,"No"
111,111,73.65833333,"No"
112,112,73.42833333,"No"
113,113,73.405,"No"
114,114,73.495,"No"
115,115,73.6,"No"
116,116,73.475,"No"
117,117,73.19666667,"No"
118,118,73.09166667,"No"
119,119,73.13833333,"No"
120,120,73.37333333,"No"
121,121,73.3,"No"
122,122,73.255,"No"
123,123,73.13666667,"No"
124,124,73.07166667,"No"
125,125,73.1,"No"
126,126,73.28333333,"No"
127,127,73.335,"No"
128,128,73.3,"No"
129,129,73.22666667,"No"
130,130,73.03333333,"No"
131,131,73.12,"No"
132,132,73.25333333,"No"
133,133,73.29,"No"
134,134,73.23,"No"
135,135,73.15166667,"No"
136,136,72.995,"No"
137,137,72.92,"No"
138,138,73.00333333,"No"
139,139,73.19833333,"No"
140,140,73.29166667,"No"
141,141,73.24333333,"No"
142,142,73.15833333,"No"
143,143,73.02666667,"No"
144,144,73.06666667,"No"
145,145,73.2,"No"
146,146,73.21166667,"No"
147,147,73.14166667,"No"
148,148,73.00666667,"No"
149,149,73.01,"No"
150,150,73.235,"No"
151,151,73.3,"No"
152,152,73.16,"No"
153,153,73.02666667,"No"
154,154,72.9,"No"
155,155,72.935,"No"
156,156,73.15833333,"No"
157,157,73.14666667,"No"
158,158,73.19333333,"No"
159,159,73.06666667,"No"
160,160,72.95,"No"
161,161,73.035,"No"
162,162,73.285,"No"
163,163,73.32333333,"No"
164,164,73.205,"No"
165,165,73.03833333,"No"
166,166,73.13333333,"No"
167,167,73.25166667,"No"
168,168,73.40333333,"No"
169,169,73.47666667,"No"
170,170,73.30166667,"No"
171,171,73.11166667,"No"
172,172,73.105,"No"
173,173,73.24166667,"No"
174,174,73.4,"No"
175,175,73.4,"No"
176,176,73.32,"No"
177,177,73.20166667,"No"
178,178,73.355,"No"
179,179,73.47833333,"No"
180,180,73.615,"No"
181,181,73.66166667,"No"
182,182,73.46,"No"
183,183,73.3,"No"
184,184,73.44,"No"
185,185,73.58833333,"No"
186,186,73.74833333,"No"
187,187,73.8,"No"
188,188,73.605,"No"
189,189,73.40333333,"No"
190,190,73.53833333,"No"
191,191,73.815,"No"
192,192,73.95333333,"No"
193,193,73.85666667,"No"
194,194,73.60833333,"No"
195,195,73.43333333,"No"
196,196,73.74666667,"No"
197,197,74.01166667,"No"
198,198,74.09666667,"No"
199,199,73.92833333,"No"
200,200,73.63833333,"No"
201,201,73.67666667,"No"
202,202,73.99666667,"No"
203,203,74.08333333,"No"
204,204,73.97833333,"No"
205,205,73.73833333,"No"
206,206,73.62333333,"No"
207,207,73.84333333,"No"
208,208,74.04833333,"No"
209,209,74.10166667,"No"
210,210,74.00833333,"No"
211,211,73.735,"No"
212,212,73.80666667,"No"
213,213,73.94833333,"No"
214,214,74.06666667,"No"
215,215,74.01666667,"No"
216,216,73.77166667,"No"
217,217,73.62333333,"No"
218,218,73.78666667,"No"
219,219,73.94333333,"No"
220,220,74,"No"
221,221,73.89666667,"No"
222,222,73.615,"No"
223,223,73.6,"No"
224,224,73.735,"No"
225,225,73.84,"No"
226,226,73.90166667,"No"
227,227,73.75333333,"No"
228,228,73.71833333,"No"
229,229,73.945,"No"
230,230,74.14666667,"No"
231,231,74.3,"No"
232,232,74.26,"No"
233,233,74.185,"No"
234,234,74.27333333,"No"
235,235,74.535,"No"
236,236,74.65166667,"No"
237,237,74.745,"No"
238,238,74.70166667,"No"
239,239,74.53166667,"No"
240,240,74.60166667,"No"
241,241,74.79666667,"No"
242,242,74.82,"No"
243,243,74.90833333,"No"
244,244,74.90666667,"No"
245,245,74.76166667,"No"
246,246,74.76333333,"No"
247,247,74.895,"No"
248,248,74.9,"No"
249,249,74.85166667,"No"
250,250,74.745,"No"
251,251,74.68,"No"
252,252,74.89666667,"No"
253,253,75.04166667,"No"
254,254,75.1,"No"
255,255,75.01,"No"
256,256,74.76333333,"No"
257,257,74.7,"No"
258,258,74.94333333,"No"
259,259,75.065,"No"
260,260,75.1,"No"
261,261,75.005,"No"
262,262,74.73833333,"No"
263,263,74.74333333,"No"
264,264,74.96666667,"No"
265,265,75.155,"No"
266,266,75.24833333,"No"
267,267,75.10833333,"No"
268,268,74.84333333,"No"
269,269,74.92833333,"No"
270,270,75.21166667,"No"
271,271,75.3,"No"
272,272,75.29166667,"No"
273,273,75.05166667,"No"
274,274,74.92666667,"No"
275,275,75.18666667,"No"
276,276,75.3,"No"
277,277,75.285,"No"
278,278,75.17333333,"No"
279,279,75.01,"No"
280,280,74.95,"No"
281,281,75.07333333,"No"
282,282,75.18166667,"No"
283,283,75.1,"No"
284,284,75.1,"No"
285,285,75.04666667,"No"
286,286,74.78333333,"No"
287,287,74.51,"No"
288,288,74.355,"No"
289,289,74.28,"No"
290,290,74.22,"No"
291,291,74.06666667,"No"
292,292,73.79,"No"
293,293,73.47666667,"No"
294,294,73.31666667,"No"
295,295,73.33333333,"No"
296,296,73.38333333,"No"
297,297,73.32333333,"No"
298,298,73.21,"No"
299,299,73.1,"No"
300,300,72.87333333,"No"
301,301,72.605,"No"
302,302,72.635,"No"
303,303,72.82833333,"No"
304,304,72.9,"No"
305,305,72.845,"No"
306,306,72.61666667,"No"
307,307,72.42166667,"No"
308,308,72.45833333,"No"
309,309,72.685,"No"
310,310,72.755,"No"
311,311,72.66166667,"No"
312,312,72.465,"No"
313,313,72.27666667,"No"
314,314,72.51333333,"No"
315,315,72.74666667,"No"
316,316,72.765,"No"
317,317,72.59,"No"
318,318,72.31833333,"No"
319,319,72.12833333,"No"
320,320,72.36,"No"
321,321,72.57333333,"No"
322,322,72.65833333,"No"
323,323,72.55166667,"No"
324,324,72.33,"No"
325,325,72.17333333,"No"
326,326,72.43833333,"No"
327,327,72.64166667,"No"
328,328,72.76166667,"No"
329,329,72.66833333,"No"
330,330,72.42833333,"No"
331,331,72.20833333,"No"
332,332,72.365,"No"
333,333,72.575,"No"
334,334,72.78166667,"No"
335,335,72.865,"No"
336,336,72.67333333,"No"
337,337,72.41833333,"No"
338,338,72.515,"No"
339,339,72.70333333,"No"
340,340,72.93833333,"No"
341,341,72.98166667,"No"
342,342,72.81166667,"No"
343,343,72.62666667,"No"
344,344,72.83166667,"No"
345,345,73.25166667,"No"
346,346,73.48166667,"No"
347,347,73.6,"No"
348,348,73.50166667,"No"
349,349,73.41666667,"No"
350,350,73.735,"No"
351,351,74.00166667,"No"
352,352,74.16,"No"
353,353,74.29,"No"
354,354,74.145,"No"
355,355,73.985,"No"
356,356,74.18833333,"No"
357,357,74.39833333,"No"
358,358,74.49333333,"No"
359,359,74.58833333,"No"
360,360,74.46166667,"No"
361,361,74.31833333,"No"
362,362,74.52333333,"No"
363,363,74.93333333,"No"
364,364,75.16833333,"No"
365,365,75.2,"No"
366,366,75.14833333,"No"
367,367,75.1,"No"
368,368,75.30666667,"No"
369,369,75.61333333,"No"
370,370,75.7,"No"
371,371,75.65333333,"No"
372,372,75.51333333,"No"
373,373,75.52833333,"No"
374,374,75.76,"No"
375,375,75.95166667,"No"
376,376,75.975,"No"
377,377,75.825,"No"
378,378,75.62833333,"No"
379,379,75.64833333,"No"
380,380,75.875,"No"
381,381,75.9,"No"
382,382,75.9,"No"
383,383,75.795,"No"
384,384,75.66333333,"No"
385,385,75.71666667,"No"
386,386,75.88833333,"No"
387,387,75.91166667,"No"
388,388,75.86666667,"No"
389,389,75.685,"No"
390,390,75.6,"No"
391,391,75.73166667,"No"
392,392,75.81333333,"No"
393,393,75.8,"No"
394,394,75.69166667,"No"
395,395,75.53166667,"No"
396,396,75.625,"No"
397,397,75.80333333,"No"
398,398,75.77666667,"No"
399,399,75.79333333,"No"
400,400,75.78666667,"No"
401,401,75.72666667,"No"
402,402,75.87833333,"No"
403,403,75.9,"No"
404,404,75.835,"No"
405,405,75.8,"No"
406,406,75.8,"No"
407,407,75.88,"No"
408,408,76.08333333,"No"
409,409,76.1,"No"
410,410,76.08666667,"No"
411,411,76,"No"
412,412,75.98,"No"
413,413,75.95,"No"
414,414,75.86333333,"No"
415,415,75.655,"No"
416,416,75.44666667,"No"
417,417,74.85,"No"
418,418,74.835,"No"
419,419,75.295,"No"
420,420,75.5,"No"
421,421,75.49666667,"No"
422,422,75.25833333,"No"
423,423,75.15666667,"No"
424,424,75.60333333,"No"
425,425,75.95,"No"
426,426,76.03833333,"No"
427,427,75.88333333,"No"
428,428,75.60833333,"No"
429,429,75.75166667,"No"
430,430,76.12166667,"No"
431,431,76.21666667,"No"
432,432,76.12666667,"No"
433,433,75.87666667,"No"
434,434,75.85833333,"No"
435,435,76.2,"No"
436,436,76.39,"No"
437,437,76.355,"No"
438,438,76.13166667,"No"
439,439,75.995,"No"
440,440,76.235,"No"
441,441,76.43333333,"No"
442,442,76.49833333,"No"
443,443,76.38166667,"No"
444,444,76.22333333,"No"
445,445,76.33666667,"No"
446,446,76.51666667,"No"
447,447,76.56166667,"No"
448,448,76.46,"No"
449,449,76.32666667,"No"
450,450,76.36333333,"No"
451,451,76.57833333,"No"
452,452,76.68666667,"No"
453,453,76.69166667,"No"
454,454,76.53166667,"No"
455,455,76.42166667,"No"
456,456,76.61333333,"No"
457,457,76.60833333,"No"
458,458,76.6,"No"
459,459,76.6,"No"
460,460,76.53333333,"No"
461,461,76.57666667,"No"
462,462,76.64666667,"No"
463,463,76.6,"No"
464,464,76.575,"No"
465,465,76.39333333,"No"
466,466,76.23166667,"No"
467,467,76.14333333,"No"
468,468,75.92833333,"No"
469,469,75.68166667,"No"
470,470,75.42166667,"No"
471,471,75.11166667,"No"
472,472,74.815,"No"
473,473,74.58,"No"
474,474,74.45333333,"No"
475,475,74.17666667,"No"
476,476,73.79833333,"No"
477,477,73.465,"No"
478,478,73.34333333,"No"
479,479,73.275,"No"
480,480,73.125,"No"
481,481,72.86166667,"No"
482,482,72.75333333,"No"
483,483,72.785,"No"
484,484,72.80833333,"No"
485,485,72.745,"No"
486,486,72.47666667,"No"
487,487,72.30166667,"No"
488,488,72.305,"No"
489,489,72.47,"No"
490,490,72.5,"No"
491,491,72.38333333,"No"
492,492,72.16833333,"No"
493,493,72.17833333,"No"
494,494,72.27166667,"No"
495,495,72.345,"No"
496,496,72.29,"No"
497,497,72.12833333,"No"
498,498,71.945,"No"
499,499,71.95333333,"No"
500,500,72.13666667,"No"
501,501,72.25166667,"No"
502,502,72.22333333,"No"
503,503,72.04166667,"No"
504,504,71.9,"No"
505,505,71.91333333,"No"
506,506,72.10833333,"No"
507,507,72.2,"No"
508,508,72.13166667,"No"
509,509,71.89,"No"
510,510,71.81833333,"No"
511,511,71.94666667,"No"
512,512,72.1,"No"
513,513,72.14833333,"No"
514,514,72.02666667,"No"
515,515,71.84333333,"No"
516,516,71.885,"No"
517,517,72.00833333,"No"
518,518,72.17166667,"No"
519,519,72.17166667,"No"
520,520,72.04833333,"No"
521,521,71.94333333,"No"
522,522,72.11,"No"
523,523,72.28166667,"No"
524,524,72.36166667,"No"
525,525,72.27833333,"No"
526,526,72.09833333,"No"
527,527,72.11166667,"No"
528,528,72.27,"No"
529,529,72.43833333,"No"
530,530,72.49333333,"No"
531,531,72.31,"No"
532,532,72.145,"No"
533,533,72.27833333,"No"
534,534,72.45166667,"No"
535,535,72.5,"No"
536,536,72.45333333,"No"
537,537,72.215,"No"
538,538,72.22833333,"No"
539,539,72.345,"No"
540,540,72.455,"No"
541,541,72.445,"No"
542,542,72.21666667,"No"
543,543,72.13666667,"No"
544,544,72.30333333,"No"
545,545,72.43833333,"No"
546,546,72.49333333,"No"
547,547,72.32833333,"No"
548,548,72.175,"No"
549,549,72.27166667,"No"
550,550,72.42333333,"No"
551,551,72.57333333,"No"
552,552,72.56166667,"No"
553,553,72.36666667,"No"
554,554,72.35833333,"No"
555,555,72.47,"No"
556,556,72.60333333,"No"
557,557,72.63666667,"No"
558,558,72.48833333,"No"
559,559,72.40166667,"No"
560,560,72.5,"No"
561,561,72.65666667,"No"
562,562,72.7,"No"
563,563,72.59666667,"No"
564,564,72.43833333,"No"
565,565,72.50666667,"No"
566,566,72.62666667,"No"
567,567,72.73666667,"No"
568,568,72.74666667,"No"
569,569,72.57666667,"No"
570,570,72.5,"No"
571,571,72.535,"No"
572,572,72.64666667,"No"
573,573,72.705,"No"
574,574,72.70333333,"No"
575,575,72.555,"No"
576,576,72.545,"No"
577,577,72.6,"No"
578,578,72.76666667,"No"
579,579,72.795,"No"
580,580,72.68833333,"No"
581,581,72.51166667,"No"
582,582,72.4,"No"
583,583,72.42666667,"No"
584,584,72.59166667,"No"
585,585,72.6,"No"
586,586,72.515,"No"
587,587,72.345,"No"
588,588,72.33166667,"No"
589,589,72.425,"No"
590,590,72.63833333,"No"
591,591,72.7,"No"
592,592,72.59833333,"No"
593,593,72.5,"No"
594,594,72.555,"No"
595,595,72.66666667,"No"
596,596,72.8,"No"
597,597,72.79833333,"No"
598,598,72.69333333,"No"
599,599,72.51333333,"No"
600,600,72.59333333,"No"
601,601,72.72833333,"No"
602,602,72.9,"No"
603,603,72.84666667,"No"
604,604,72.725,"No"
605,605,72.65166667,"No"
606,606,72.79166667,"No"
607,607,72.89333333,"No"
608,608,72.96333333,"No"
609,609,72.81833333,"No"
610,610,72.61333333,"No"
611,611,72.6,"No"
612,612,72.71,"No"
613,613,72.77666667,"No"
614,614,72.69166667,"No"
615,615,72.49,"No"
616,616,72.31833333,"No"
617,617,72.345,"No"
618,618,72.5,"No"
619,619,72.49166667,"No"
620,620,72.37833333,"No"
621,621,72.255,"No"
622,622,72.20166667,"No"
623,623,72.37166667,"No"
624,624,72.32,"No"
625,625,72.285,"No"
626,626,72.145,"No"
627,627,72.10666667,"No"
628,628,72.225,"No"
629,629,72.34166667,"No"
630,630,72.36,"No"
631,631,72.16333333,"No"
632,632,72,"No"
633,633,72.00166667,"No"
634,634,72.16166667,"No"
635,635,72.2,"No"
636,636,72.14833333,"No"
637,637,71.94333333,"No"
638,638,71.82833333,"No"
639,639,71.86833333,"No"
640,640,72.04166667,"No"
641,641,72.04166667,"No"
642,642,71.94333333,"No"
643,643,71.79333333,"No"
644,644,71.74333333,"No"
645,645,71.875,"No"
646,646,71.95333333,"No"
647,647,71.85,"No"
648,648,71.63666667,"No"
649,649,71.51,"No"
650,650,71.6,"No"
651,651,71.71833333,"No"
652,652,71.71833333,"No"
653,653,71.55333333,"No"
654,654,71.33333333,"No"
655,655,71.315,"No"
656,656,71.51166667,"No"
657,657,71.6,"No"
658,658,71.51333333,"No"
659,659,71.4,"No"
660,660,71.29833333,"No"
661,661,71.45333333,"No"
662,662,71.52,"No"
663,663,71.50666667,"No"
664,664,71.435,"No"
665,665,71.40166667,"No"
666,666,71.59833333,"No"
667,667,71.76333333,"No"
668,668,71.76166667,"No"
669,669,71.58666667,"No"
670,670,71.43333333,"No"
671,671,71.51666667,"No"
672,672,71.68333333,"No"
673,673,71.72333333,"No"
674,674,71.63833333,"No"
675,675,71.41333333,"No"
676,676,71.41833333,"No"
677,677,71.57333333,"No"
678,678,71.7,"No"
679,679,71.665,"No"
680,680,71.45166667,"No"
681,681,71.22833333,"No"
682,682,71.25333333,"No"
683,683,71.48,"No"
684,684,71.57333333,"No"
685,685,71.535,"No"
686,686,71.36666667,"No"
687,687,71.29333333,"No"
688,688,71.45666667,"No"
689,689,71.595,"No"
690,690,71.60666667,"No"
691,691,71.45833333,"No"
692,692,71.40833333,"No"
693,693,71.55,"No"
694,694,71.695,"No"
695,695,71.74166667,"No"
696,696,71.56833333,"No"
697,697,71.41333333,"No"
698,698,71.5,"No"
699,699,71.64,"No"
700,700,71.7,"No"
701,701,71.61,"No"
702,702,71.40166667,"No"
703,703,71.38333333,"No"
704,704,71.485,"No"
705,705,71.575,"No"
706,706,71.58833333,"No"
707,707,71.52166667,"No"
708,708,71.735,"No"
709,709,72,"No"
710,710,72.22666667,"No"
711,711,72.25,"No"
712,712,72.20333333,"No"
713,713,72.40333333,"No"
714,714,72.66833333,"No"
715,715,72.84333333,"No"
716,716,72.88,"No"
717,717,72.775,"No"
718,718,72.72833333,"No"
719,719,72.96,"No"
720,720,73.21333333,"No"
721,721,73.32666667,"No"
722,722,73.26666667,"No"
723,723,73.12666667,"No"
724,724,73.22666667,"No"
725,725,73.41166667,"No"
726,726,73.55,"No"
727,727,73.55666667,"No"
728,728,73.44666667,"No"
729,729,73.34333333,"No"
730,730,73.52833333,"No"
731,731,73.68333333,"No"
732,732,73.715,"No"
733,733,73.62333333,"No"
734,734,73.43666667,"No"
735,735,73.44333333,"No"
736,736,73.54,"No"
737,737,73.66166667,"No"
738,738,73.64333333,"No"
739,739,73.50166667,"No"
740,740,73.4,"No"
741,741,73.5,"No"
742,742,73.55,"No"
743,743,73.6,"No"
744,744,73.50166667,"No"
745,745,73.37166667,"No"
746,746,73.48333333,"No"
747,747,73.62833333,"No"
748,748,73.79666667,"No"
749,749,73.725,"No"
750,750,73.7,"No"
751,751,73.845,"No"
752,752,74.08833333,"No"
753,753,74.16333333,"No"
754,754,74.155,"No"
755,755,74.10166667,"No"
756,756,74.18333333,"No"
757,757,74.44833333,"No"
758,758,74.49666667,"No"
759,759,74.505,"No"
760,760,74.47166667,"No"
761,761,74.32833333,"No"
762,762,74.43,"No"
763,763,74.415,"No"
764,764,74.36666667,"No"
765,765,74.40166667,"No"
766,766,74.3,"No"
767,767,74.41833333,"No"
768,768,74.49666667,"No"
769,769,74.45666667,"No"
770,770,74.54166667,"No"
771,771,74.48333333,"No"
772,772,74.39333333,"No"
773,773,74.44,"No"
774,774,74.42833333,"No"
775,775,74.49666667,"No"
776,776,74.575,"No"
777,777,74.425,"No"
778,778,74.53333333,"No"
779,779,74.62833333,"No"
780,780,74.60333333,"No"
781,781,74.7,"No"
782,782,74.55166667,"No"
783,783,74.54833333,"No"
784,784,74.68666667,"No"
785,785,74.62,"No"
786,786,74.635,"No"
787,787,74.64166667,"No"
788,788,74.565,"No"
789,789,74.74,"No"
790,790,74.81333333,"No"
791,791,74.74666667,"No"
792,792,74.8,"No"
793,793,74.69666667,"No"
794,794,74.69166667,"No"
795,795,74.855,"No"
796,796,74.9,"No"
797,797,74.86333333,"No"
798,798,74.74833333,"No"
799,799,74.6,"No"
800,800,74.70166667,"No"
801,801,74.85,"No"
802,802,74.81833333,"No"
803,803,74.97333333,"No"
804,804,74.92666667,"No"
805,805,74.97333333,"No"
806,806,75.18166667,"No"
807,807,75.32666667,"No"
808,808,75.49166667,"No"
809,809,75.55833333,"No"
810,810,75.5,"No"
811,811,75.57666667,"No"
812,812,75.84833333,"No"
813,813,75.9,"No"
814,814,75.95666667,"No"
815,815,75.9,"No"
816,816,75.9,"No"
817,817,76.09,"No"
818,818,76.13666667,"No"
819,819,76.1,"No"
820,820,76.1,"No"
821,821,76.14833333,"No"
822,822,76.32166667,"No"
823,823,76.52166667,"No"
824,824,76.52833333,"No"
825,825,76.36166667,"No"
826,826,76.3,"No"
827,827,76.30833333,"No"
828,828,76.34833333,"No"
829,829,76.28833333,"No"
830,830,76.3,"No"
831,831,76.34,"No"
832,832,76.41333333,"No"
833,833,76.50166667,"No"
834,834,76.41833333,"No"
835,835,76.39833333,"No"
836,836,76.305,"No"
837,837,76.20166667,"No"
838,838,76.24333333,"No"
839,839,76.39666667,"No"
840,840,76.33166667,"No"
841,841,76.3,"No"
842,842,76.25166667,"No"
843,843,76.22833333,"No"
844,844,76.395,"No"
845,845,76.47833333,"No"
846,846,76.52833333,"No"
847,847,76.37,"No"
848,848,76.24333333,"No"
849,849,76.36333333,"No"
850,850,76.555,"No"
851,851,76.57,"No"
852,852,76.54833333,"No"
853,853,76.41166667,"No"
854,854,76.35166667,"No"
855,855,76.54166667,"No"
856,856,76.55,"No"
857,857,76.57166667,"No"
858,858,76.5,"No"
859,859,76.41333333,"No"
860,860,76.435,"No"
861,861,76.59333333,"No"
862,862,76.535,"No"
863,863,76.49666667,"No"
864,864,76.405,"No"
865,865,76.355,"No"
866,866,76.40833333,"No"
867,867,76.45666667,"No"
868,868,76.35666667,"No"
869,869,76.285,"No"
870,870,76.2,"No"
871,871,76.21,"No"
872,872,76.37166667,"No"
873,873,76.4,"No"
874,874,76.32666667,"No"
875,875,76.3,"No"
876,876,76.29833333,"No"
877,877,76.39833333,"No"
878,878,76.5,"No"
879,879,76.5,"No"
880,880,76.46,"No"
881,881,76.40166667,"No"
882,882,76.46166667,"No"
883,883,76.65166667,"No"
884,884,76.635,"No"
885,885,76.48,"No"
886,886,76.4,"No"
887,887,76.4,"No"
888,888,76.44833333,"No"
889,889,76.595,"No"
890,890,76.6,"No"
891,891,76.55666667,"No"
892,892,76.4,"No"
893,893,76.305,"No"
894,894,76.41,"No"
895,895,76.435,"No"
896,896,76.465,"No"
897,897,76.345,"No"
898,898,76.2,"No"
899,899,76.295,"No"
900,900,76.4,"No"
901,901,76.47666667,"No"
902,902,76.40166667,"No"
903,903,76.23666667,"No"
904,904,76.16833333,"No"
905,905,76.365,"No"
906,906,76.47333333,"No"
907,907,76.49333333,"No"
908,908,76.335,"No"
909,909,76.20333333,"No"
910,910,76.28833333,"No"
911,911,76.49833333,"No"
912,912,76.61333333,"No"
913,913,76.55666667,"No"
914,914,76.39,"No"
915,915,76.335,"No"
916,916,76.57333333,"No"
917,917,76.695,"No"
918,918,76.64666667,"No"
919,919,76.48666667,"No"
920,920,76.30833333,"No"
921,921,76.385,"No"
922,922,76.5,"No"
923,923,76.57666667,"No"
924,924,76.465,"No"
925,925,76.28833333,"No"
926,926,76.27166667,"No"
927,927,76.47833333,"No"
928,928,76.58666667,"No"
929,929,76.57,"No"
930,930,76.385,"No"
931,931,76.25,"No"
932,932,76.43833333,"No"
933,933,76.57333333,"No"
934,934,76.6,"No"
935,935,76.43,"No"
936,936,76.24,"No"
937,937,76.27833333,"No"
938,938,76.4,"No"
939,939,76.39833333,"No"
940,940,76.34,"No"
941,941,76.3,"No"
942,942,76.345,"No"
943,943,76.49666667,"No"
944,944,76.5,"No"
945,945,76.45166667,"No"
946,946,76.34333333,"No"
947,947,76.23333333,"No"
948,948,76.3,"No"
949,949,76.49166667,"No"
950,950,76.48166667,"No"
951,951,76.4,"No"
952,952,76.35833333,"No"
953,953,76.3,"No"
954,954,76.405,"No"
955,955,76.5,"No"
956,956,76.5,"No"
957,957,76.465,"No"
958,958,76.4,"No"
959,959,76.4,"No"
960,960,76.48833333,"No"
961,961,76.60666667,"No"
962,962,76.70166667,"No"
963,963,76.64166667,"No"
964,964,76.44833333,"No"
965,965,76.38,"No"
966,966,76.58333333,"No"
967,967,76.69666667,"No"
968,968,76.765,"No"
969,969,76.64833333,"No"
970,970,76.51333333,"No"
971,971,76.595,"No"
972,972,76.86666667,"No"
973,973,76.9,"No"
974,974,76.90333333,"No"
975,975,76.9,"No"
976,976,76.835,"No"
977,977,76.88,"No"
978,978,77.08,"No"
979,979,77.12166667,"No"
980,980,77.145,"No"
981,981,77.1,"No"
982,982,77.1,"No"
983,983,77.23,"No"
984,984,77.4,"No"
985,985,77.385,"No"
986,986,77.3,"No"
987,987,77.29833333,"No"
988,988,77.28666667,"No"
989,989,77.45,"No"
990,990,77.49833333,"No"
991,991,77.49833333,"No"
992,992,77.39833333,"No"
993,993,77.26833333,"No"
994,994,77.25,"No"
995,995,77.47166667,"No"
996,996,77.46,"No"
997,997,77.4,"No"
998,998,77.32166667,"No"
999,999,77.29333333,"No"
1000,1000,77.24833333,"No"
1001,1001,77.39666667,"No"
1002,1002,77.42,"No"
1003,1003,77.4,"No"
1004,1004,77.31166667,"No"
1005,1005,77.20166667,"No"
1006,1006,77.13,"No"
1007,1007,77.26333333,"No"
1008,1008,77.2,"No"
1009,1009,77.2,"No"
1010,1010,77.2,"No"
1011,1011,77.24,"No"
1012,1012,77.44666667,"No"
1013,1013,77.43833333,"No"
1014,1014,77.35333333,"No"
1015,1015,77.345,"No"
1016,1016,77.38333333,"No"
1017,1017,77.46,"No"
1018,1018,77.62,"No"
1019,1019,77.6,"No"
1020,1020,77.59,"No"
1021,1021,77.54666667,"No"
1022,1022,77.5,"No"
1023,1023,77.56833333,"No"
1024,1024,77.80333333,"No"
1025,1025,77.81,"No"
1026,1026,77.70166667,"No"
1027,1027,77.7,"No"
1028,1028,77.7,"No"
1029,1029,77.78,"No"
1030,1030,77.96166667,"No"
1031,1031,77.9,"No"
1032,1032,77.9,"No"
1033,1033,77.80166667,"No"
1034,1034,77.72833333,"No"
1035,1035,77.87666667,"No"
1036,1036,77.95166667,"No"
1037,1037,77.88,"No"
1038,1038,77.80166667,"No"
1039,1039,77.68,"No"
1040,1040,77.6,"No"
1041,1041,77.725,"No"
1042,1042,77.85,"No"
1043,1043,77.755,"No"
1044,1044,77.70166667,"No"
1045,1045,77.655,"No"
1046,1046,77.6,"No"
1047,1047,77.71666667,"No"
1048,1048,77.9,"No"
1049,1049,77.9,"No"
1050,1050,77.845,"No"
1051,1051,77.69333333,"No"
1052,1052,77.64333333,"No"
1053,1053,77.895,"No"
1054,1054,77.99833333,"No"
1055,1055,77.95166667,"No"
1056,1056,77.80833333,"No"
1057,1057,77.7,"No"
1058,1058,77.83166667,"No"
1059,1059,78.04,"No"
1060,1060,78,"No"
1061,1061,77.99833333,"No"
1062,1062,77.875,"No"
1063,1063,77.8,"No"
1064,1064,77.925,"No"
1065,1065,78,"No"
1066,1066,77.985,"No"
1067,1067,77.89833333,"No"
1068,1068,77.75333333,"No"
1069,1069,77.755,"No"
1070,1070,77.97666667,"No"
1071,1071,78.04,"No"
1072,1072,77.91833333,"No"
1073,1073,77.9,"No"
1074,1074,77.84,"No"
1075,1075,77.84666667,"No"
1076,1076,78.05166667,"No"
1077,1077,78.03166667,"No"
1078,1078,77.955,"No"
1079,1079,77.985,"No"
1080,1080,77.93,"No"
1081,1081,78.09166667,"No"
1082,1082,78.285,"No"
1083,1083,78.29666667,"No"
1084,1084,78.24166667,"No"
1085,1085,78.15833333,"No"
1086,1086,78.125,"No"
1087,1087,78.32666667,"No"
1088,1088,78.465,"No"
1089,1089,78.41833333,"No"
1090,1090,78.4,"No"
1091,1091,78.32666667,"No"
1092,1092,78.33,"No"
1093,1093,78.59166667,"No"
1094,1094,78.66,"No"
1095,1095,78.62833333,"No"
1096,1096,78.58333333,"No"
1097,1097,78.43666667,"No"
1098,1098,78.45833333,"No"
1099,1099,78.585,"No"
1100,1100,78.49666667,"No"
1101,1101,78.355,"No"
1102,1102,78.125,"No"
1103,1103,77.83333333,"No"
1104,1104,77.71,"No"
1105,1105,77.75,"No"
1106,1106,77.61,"No"
1107,1107,77.495,"No"
1108,1108,77.295,"No"
1109,1109,77.10333333,"No"
1110,1110,77.18666667,"No"
1111,1111,77.2,"No"
1112,1112,77.12333333,"No"
1113,1113,76.83166667,"No"
1114,1114,76.54666667,"No"
1115,1115,76.69833333,"No"
1116,1116,76.82166667,"No"
1117,1117,76.83166667,"No"
1118,1118,76.70166667,"No"
1119,1119,76.47666667,"No"
1120,1120,76.52333333,"No"
1121,1121,76.75833333,"No"
1122,1122,76.845,"No"
1123,1123,76.88166667,"No"
1124,1124,76.71666667,"No"
1125,1125,76.59333333,"No"
1126,1126,76.65833333,"No"
1127,1127,76.765,"No"
1128,1128,76.82666667,"No"
1129,1129,76.71,"No"
1130,1130,76.6,"No"
1131,1131,76.64333333,"No"
1132,1132,76.79,"No"
1133,1133,76.70333333,"No"
1134,1134,76.685,"No"
1135,1135,76.67333333,"No"
1136,1136,76.63833333,"No"
1137,1137,76.73166667,"No"
1138,1138,76.7,"No"
1139,1139,76.7,"No"
1140,1140,76.64,"No"
1141,1141,76.645,"No"
1142,1142,76.75833333,"No"
1143,1143,76.7,"No"
1144,1144,76.63833333,"No"
1145,1145,76.47333333,"No"
1146,1146,76.25166667,"No"
1147,1147,76.16333333,"No"
1148,1148,76.01,"No"
1149,1149,75.84833333,"No"
1150,1150,75.50166667,"No"
1151,1151,75.09333333,"No"
1152,1152,74.90333333,"No"
1153,1153,74.83833333,"No"
1154,1154,74.8,"No"
1155,1155,74.755,"No"
1156,1156,74.59833333,"No"
1157,1157,74.33833333,"No"
1158,1158,74.34833333,"No"
1159,1159,74.595,"No"
1160,1160,74.75833333,"No"
1161,1161,74.8,"No"
1162,1162,74.75166667,"No"
1163,1163,74.7,"No"
1164,1164,74.84833333,"No"
1165,1165,74.83666667,"No"
1166,1166,74.15666667,"No"
1167,1167,72.89,"No"
1168,1168,76.135,"No"
1169,1169,82.09833333,"No"
1170,1182,83.00666667,"No"
1171,1183,82.58666667,"No"
1172,1184,82.20833333,"No"
1173,1185,81.90166667,"No"
1174,1186,81.58333333,"No"
1175,1187,81.25833333,"No"
1176,1188,80.94333333,"No"
1177,1189,80.64166667,"No"
1178,1190,80.33833333,"No"
1179,1191,80.03,"No"
1180,1192,79.76166667,"No"
1181,1193,79.49,"No"
1182,1194,79.20333333,"No"
1183,1195,78.915,"No"
1184,1196,78.675,"No"
1185,1197,78.415,"No"
1186,1198,78.14,"No"
1187,1199,77.87333333,"No"
1188,1200,77.61166667,"No"
1189,1201,77.365,"No"
1190,1202,77.10166667,"No"
1191,1203,76.845,"No"
1192,1204,76.585,"No"
1193,1205,76.35,"No"
1194,1206,76.12833333,"No"
1195,1207,75.90666667,"No"
1196,1208,75.685,"No"
1197,1209,75.43,"No"
1198,1210,75.19833333,"No"
1199,1211,74.945,"No"
1200,1212,74.69666667,"No"
1201,1213,74.42166667,"No"
1202,1214,74.15833333,"No"
1203,1215,73.88166667,"No"
1204,1216,73.61166667,"No"
1205,1217,73.35,"No"
1206,1218,73.08,"No"
1207,1219,72.80166667,"No"
1208,1220,72.525,"No"
1209,1221,72.25666667,"No"
1210,1222,71.98833333,"No"
1211,1223,71.71333333,"No"
1212,1224,71.445,"No"
1213,1225,71.165,"No"
1214,1226,70.89166667,"No"
1215,1227,70.61666667,"No"
1216,1228,70.32333333,"No"
1217,1229,70.02,"No"
1218,1230,69.72,"No"
1219,1231,69.43333333,"No"
1220,1232,69.13666667,"No"
1221,1233,68.83333333,"No"
1222,1234,68.56,"No"
1223,1235,68.27833333,"No"
1224,1236,67.995,"No"
1225,1237,67.71333333,"No"
1226,1238,67.44833333,"No"
1227,1239,67.18666667,"No"
1228,1240,66.91666667,"No"
1229,1241,66.67,"No"
1230,1242,66.4,"No"
1231,1243,66.13333333,"No"
1232,1244,65.88833333,"No"
1233,1245,65.64333333,"No"
1234,1246,65.38833333,"No"
1235,1247,65.145,"No"
1236,1248,64.90333333,"No"
1237,1249,64.65833333,"No"
1238,1250,64.415,"No"
1239,1251,64.19333333,"No"
1240,1252,63.96166667,"No"
1241,1362,64.435,"No"
1242,1363,64.97,"No"
1243,1364,65.47333333,"No"
1244,1365,66.01833333,"No"
1245,1366,66.55666667,"No"
1246,1367,67.08666667,"No"
1247,1368,67.60833333,"No"
1248,1369,68.13333333,"No"
1249,1370,68.61333333,"No"
1250,1371,69.095,"No"
1251,1372,69.575,"No"
1252,1373,70.045,"No"
1253,1374,70.525,"No"
1254,1375,71.015,"No"
1255,1376,71.475,"No"
1256,1377,71.91833333,"No"
1257,1378,72.37,"No"
1258,1379,72.8,"No"
1259,1380,73.20833333,"No"
1260,1381,73.60333333,"No"
1261,1382,73.79833333,"No"
1262,1383,73.56166667,"No"
1263,1384,72.15166667,"No"
1264,1385,72.085,"No"
1265,1386,76.22666667,"No"
1266,1387,78.87,"No"
1267,1388,79.88333333,"No"
1268,1389,80.32666667,"No"
1269,1390,80.24833333,"No"
1270,1391,78.305,"No"
1271,1392,77.74,"No"
1272,1393,78.22166667,"No"
1273,1394,78.3,"No"
1274,1395,78.15166667,"No"
1275,1396,77.39333333,"No"
1276,1397,76.1,"No"
1277,1398,76.87833333,"No"
1278,1399,77.95833333,"No"
1279,1400,78.38833333,"No"
1280,1401,78.44333333,"No"
1281,1402,77.93,"No"
1282,1403,77.10166667,"No"
1283,1404,77.89,"No"
1284,1405,78.77,"No"
1285,1406,79.04333333,"No"
1286,1407,78.90833333,"No"
1287,1408,77.72333333,"No"
1288,1409,76.25166667,"No"
1289,1410,76.285,"No"
1290,1411,76.67,"No"
1291,1412,76.8,"No"
1292,1413,76.66,"No"
1293,1414,75.91833333,"No"
1294,1415,75.49333333,"No"
1295,1416,76.06333333,"No"
1296,1417,76.60666667,"No"
1297,1418,76.79333333,"No"
1298,1419,76.64333333,"No"
1299,1420,76.06333333,"No"
1300,1421,75.935,"No"
1301,1422,76.54333333,"No"
1302,1423,76.92666667,"No"
1303,1424,76.99833333,"No"
1304,1425,76.70166667,"No"
1305,1426,76.15833333,"No"
1306,1427,76.35166667,"No"
1307,1428,76.82,"No"
1308,1429,77.04666667,"No"
1309,1430,76.985,"No"
1310,1431,76.43166667,"No"
1311,1432,76.06833333,"No"
1312,1433,76.36166667,"No"
1313,1434,76.66666667,"No"
1314,1435,76.775,"No"
1315,1436,76.415,"No"
1316,1437,75.82166667,"No"
1317,1438,75.82166667,"No"
1318,1439,76.145,"No"
1319,1440,76.3,"No"
1320,1441,76.185,"No"
1321,1442,75.64666667,"No"
1322,1443,75.32333333,"No"
1323,1444,75.57833333,"No"
1324,1445,75.85666667,"No"
1325,1446,75.88333333,"No"
1326,1447,75.59,"No"
1327,1448,75.13166667,"No"
1328,1449,75.04,"No"
1329,1450,75.185,"No"
1330,1451,75.00833333,"No"
1331,1452,74.27333333,"No"
1332,1453,72.89333333,"No"
1333,1454,71.64,"No"
1334,1455,71.09333333,"No"
1335,1456,70.92833333,"No"
1336,1457,70.905,"No"
1337,1458,70.84833333,"No"
1338,1459,70.61833333,"No"
1339,1460,70.55166667,"No"
1340,1461,70.875,"No"
1341,1462,71.295,"No"
1342,1463,71.50666667,"No"
1343,1464,71.46833333,"No"
1344,1465,71.23,"No"
1345,1466,71.35666667,"No"
1346,1467,71.66833333,"No"
1347,1468,71.94,"No"
1348,1469,71.95166667,"No"
1349,1470,71.69833333,"No"
1350,1471,71.65166667,"No"
1351,1472,71.93833333,"No"
1352,1473,72.24333333,"No"
1353,1474,72.4,"No"
1354,1475,72.32333333,"No"
1355,1476,72.14,"No"
1356,1477,72.25833333,"No"
1357,1478,72.42166667,"No"
1358,1479,72.645,"No"
1359,1480,72.7,"No"
1360,1481,72.62666667,"No"
1361,1482,72.75333333,"No"
1362,1483,75.85833333,"No"
1363,1484,77.99333333,"No"
1364,1485,78.68166667,"No"
1365,1486,79.04,"No"
1366,1487,79.085,"No"
1367,1488,78.93666667,"No"
1368,1489,78.72,"No"
1369,1490,78.48666667,"No"
1370,1491,75.72666667,"No"
1371,1492,71.56,"No"
1372,1493,68.13666667,"No"
1373,1494,69.15833333,"No"
1374,1495,73.89166667,"No"
1375,1496,79.02666667,"No"
1376,1506,82.88333333,"No"
1377,1507,82.06333333,"No"
1378,1508,81.285,"No"
1379,1509,80.57833333,"No"
1380,1510,79.93,"No"
1381,1511,79.31833333,"No"
1382,1512,78.69333333,"No"
1383,1513,78.08666667,"No"
1384,1514,77.51333333,"No"
1385,1515,76.965,"No"
1386,1516,76.41333333,"No"
1387,1517,75.85,"No"
1388,1518,75.31166667,"No"
1389,1519,74.79666667,"No"
1390,1520,74.27166667,"No"
1391,1521,73.76833333,"No"
1392,1522,73.265,"No"
1393,1523,72.75833333,"No"
1394,1524,72.26666667,"No"
1395,1525,71.785,"No"
1396,1526,71.31333333,"No"
1397,1527,70.875,"No"
1398,1528,70.42,"No"
1399,1529,69.99333333,"No"
1400,1530,69.52333333,"No"
1401,1531,68.89833333,"No"
1402,1532,68.26333333,"No"
1403,1533,67.66666667,"No"
1404,1534,67.11333333,"No"
1405,1535,66.60833333,"No"
1406,1536,66.145,"No"
1407,1537,65.73333333,"No"
1408,1538,65.32,"No"
1409,1539,64.92833333,"No"
1410,1540,64.53333333,"No"
1411,1541,64.14,"No"
1412,1645,63.97666667,"No"
1413,1646,64.22833333,"No"
1414,1647,64.49333333,"No"
1415,1648,64.75333333,"No"
1416,1649,64.98666667,"No"
1417,1650,65.21,"No"
1418,1651,65.44833333,"No"
1419,1652,66.87833333,"No"
1420,1653,70.61,"No"
1421,1654,72.94333333,"No"
1422,1655,74.22,"No"
1423,1656,77.15,"No"
1424,1657,79.32666667,"No"
1425,1658,79.655,"No"
1426,1659,79.66166667,"No"
1427,1660,79.485,"No"
1428,1661,77.05166667,"No"
1429,1662,72.44666667,"No"
1430,1663,70.99333333,"No"
1431,1664,70.55833333,"No"
1432,1665,70.11166667,"No"
1433,1666,68.80666667,"No"
1434,1667,66.84833333,"No"
1435,1668,66.715,"No"
1436,1669,67.04333333,"No"
1437,1670,67.22666667,"No"
1438,1671,67.10166667,"No"
1439,1672,66.09833333,"No"
1440,1673,65.86166667,"No"
1441,1674,66.365,"No"
1442,1675,66.615,"No"
1443,1676,66.59166667,"No"
1444,1677,66.01833333,"No"
1445,1678,65.80333333,"No"
1446,1679,66.41666667,"No"
1447,1680,66.95166667,"No"
1448,1681,67.075,"No"
1449,1682,66.77833333,"No"
1450,1683,66.53666667,"No"
1451,1684,66.99,"No"
1452,1685,67.53666667,"No"
1453,1686,67.81666667,"No"
1454,1687,67.72666667,"No"
1455,1688,67.47666667,"No"
1456,1689,67.49,"No"
1457,1690,68.045,"No"
1458,1691,68.49166667,"No"
1459,1692,68.6,"No"
1460,1693,68.565,"No"
1461,1694,68.44,"No"
1462,1695,68.65166667,"No"
1463,1696,69.14166667,"No"
1464,1697,69.36,"No"
1465,1698,69.39833333,"No"
1466,1699,69.29166667,"No"
1467,1700,69.15,"No"
1468,1701,69.41666667,"No"
1469,1702,69.85,"No"
1470,1703,70,"No"
1471,1704,69.95666667,"No"
1472,1705,69.775,"No"
1473,1706,69.615,"No"
1474,1707,70.00333333,"No"
1475,1708,70.36333333,"No"
1476,1709,70.46666667,"No"
1477,1710,70.36,"No"
1478,1711,70.17333333,"No"
1479,1712,70.12,"No"
1480,1713,70.48,"No"
1481,1714,70.76833333,"No"
1482,1715,70.78,"No"
1483,1716,70.57333333,"No"
1484,1717,70.32166667,"No"
1485,1718,70.39166667,"No"
1486,1719,70.70166667,"No"
1487,1720,70.88833333,"No"
1488,1721,70.84166667,"No"
1489,1722,70.57666667,"No"
1490,1723,70.33666667,"No"
1491,1724,70.29166667,"No"
1492,1725,70.62,"No"
1493,1726,70.83,"No"
1494,1727,70.80833333,"No"
1495,1728,70.495,"No"
1496,1729,70.18666667,"No"
1497,1730,70.33333333,"No"
1498,1731,70.65,"No"
1499,1732,70.75833333,"No"
1500,1733,70.62,"No"
1501,1734,70.28333333,"No"
1502,1735,70.01666667,"No"
1503,1736,70.28333333,"No"
1504,1737,70.62333333,"No"
1505,1738,70.74333333,"No"
1506,1739,70.58,"No"
1507,1740,70.20166667,"No"
1508,1741,70.00666667,"No"
1509,1742,70.29166667,"No"
1510,1743,70.58833333,"No"
1511,1744,70.68166667,"No"
1512,1745,70.44166667,"No"
1513,1746,70.11,"No"
1514,1747,70.015,"No"
1515,1748,70.335,"No"
1516,1749,70.56,"No"
1517,1750,70.58333333,"No"
1518,1751,70.31833333,"No"
1519,1752,70.03666667,"No"
1520,1753,70.19166667,"No"
1521,1754,70.50333333,"No"
1522,1755,70.50333333,"No"
1523,1756,70.405,"No"
1524,1757,70.06,"No"
1525,1758,70.075,"No"
1526,1759,70.46,"No"
1527,1760,70.7,"No"
1528,1761,70.58,"No"
1529,1762,70.395,"No"
1530,1763,70.05333333,"No"
1531,1764,70.20166667,"No"
1532,1765,70.63666667,"No"
1533,1766,70.81666667,"No"
1534,1767,70.85833333,"No"
1535,1768,70.59166667,"No"
1536,1769,70.315,"No"
1537,1770,70.49666667,"No"
1538,1771,70.82666667,"No"
1539,1772,71.04333333,"No"
1540,1773,70.99166667,"No"
1541,1774,70.62666667,"No"
1542,1775,70.33333333,"No"
1543,1776,70.41666667,"No"
1544,1777,70.79166667,"No"
1545,1778,70.985,"No"
1546,1779,70.89,"No"
1547,1780,70.59333333,"No"
1548,1781,70.48166667,"No"
1549,1782,70.59,"No"
1550,1783,70.89333333,"No"
1551,1784,71,"No"
1552,1785,70.855,"No"
1553,1786,70.46833333,"No"
1554,1787,70.38666667,"No"
1555,1788,70.68333333,"No"
1556,1789,70.98666667,"No"
1557,1790,71.1,"No"
1558,1791,70.97333333,"No"
1559,1792,70.96666667,"No"
1560,1793,71.30666667,"No"
1561,1794,71.64666667,"No"
1562,1795,71.87166667,"No"
1563,1796,71.81166667,"No"
1564,1797,71.68833333,"No"
1565,1798,71.92333333,"No"
1566,1799,72.265,"No"
1567,1800,72.53666667,"No"
1568,1801,72.6,"No"
1569,1802,72.46833333,"No"
1570,1803,72.41333333,"No"
1571,1804,72.65166667,"No"
1572,1805,72.89833333,"No"
1573,1806,73.08833333,"No"
1574,1807,73.11,"No"
1575,1808,72.95833333,"No"
1576,1809,72.96833333,"No"
1577,1810,73.26333333,"No"
1578,1811,73.48,"No"
1579,1812,73.66166667,"No"
1580,1813,73.67166667,"No"
1581,1814,73.485,"No"
1582,1815,73.47333333,"No"
1583,1816,73.745,"No"
1584,1817,73.955,"No"
1585,1818,73.99333333,"No"
1586,1819,73.87333333,"No"
1587,1820,73.66666667,"No"
1588,1821,73.725,"No"
1589,1822,73.96166667,"No"
1590,1823,74.11,"No"
1591,1824,74.19666667,"No"
1592,1825,74.07833333,"No"
1593,1826,73.88166667,"No"
1594,1827,73.80166667,"No"
1595,1828,74.025,"No"
1596,1829,74.295,"No"
1597,1830,74.4,"No"
1598,1831,74.20333333,"No"
1599,1832,73.73166667,"No"
1600,1833,73.61333333,"No"
1601,1834,73.80166667,"No"
1602,1835,73.88,"No"
1603,1836,73.63333333,"No"
1604,1837,72.94,"No"
1605,1838,72.41166667,"No"
1606,1839,72.42333333,"No"
1607,1840,72.54333333,"No"
1608,1841,72.45666667,"No"
1609,1842,72.1,"No"
1610,1843,71.48,"No"
1611,1844,71.19833333,"No"
1612,1845,71.29666667,"No"
1613,1846,71.4,"No"
1614,1847,71.30166667,"No"
1615,1848,70.99333333,"No"
1616,1849,70.64833333,"No"
1617,1850,70.51166667,"No"
1618,1851,70.65666667,"No"
1619,1852,70.7,"No"
1620,1853,70.605,"No"
1621,1854,70.43666667,"No"
1622,1855,70.17666667,"No"
1623,1856,69.90166667,"No"
1624,1857,69.68333333,"No"
1625,1858,69.52,"No"
1626,1859,69.37333333,"No"
1627,1860,69.255,"No"
1628,1861,69.16833333,"No"
1629,1862,69.055,"No"
1630,1863,68.935,"No"
1631,1864,68.80166667,"No"
1632,1865,68.67166667,"No"
1633,1866,68.54,"No"
1634,1867,68.36333333,"No"
1635,1868,68.19666667,"No"
1636,1869,68,"No"
1637,1870,67.795,"No"
1638,1871,67.58833333,"No"
1639,1872,67.37666667,"No"
1640,1873,67.165,"No"
1641,1874,66.945,"No"
1642,1875,66.755,"No"
1643,1876,66.555,"No"
1644,1877,66.37333333,"No"
1645,1878,66.165,"No"
1646,1879,65.98666667,"No"
1647,1880,65.80833333,"No"
1648,1881,65.645,"No"
1649,1882,65.48333333,"No"
1650,1883,65.31333333,"No"
1651,1884,65.14333333,"No"
1652,1885,64.965,"No"
1653,1886,64.79666667,"No"
1654,1887,64.62333333,"No"
1655,1888,64.45333333,"No"
1656,1889,64.28333333,"No"
1657,1890,64.12166667,"No"
1658,1891,63.95,"No"
1659,1938,64.73666667,"No"
1660,1939,65.18833333,"No"
1661,1940,65.015,"No"
1662,1941,65.16833333,"No"
1663,1942,65.51833333,"No"
1664,1943,66.09166667,"No"
1665,1944,66.76833333,"No"
1666,1945,67.145,"No"
1667,1946,67.155,"No"
1668,1947,67.23,"No"
1669,1948,67.25,"No"
1670,1949,67.68166667,"No"
1671,1950,68.21,"No"
1672,1951,68.375,"No"
1673,1952,68.4,"No"
1674,1953,68.385,"No"
1675,1954,68.72666667,"No"
1676,1955,69.19833333,"No"
1677,1956,69.25833333,"No"
1678,1957,69.27833333,"No"
1679,1958,69.14,"No"
1680,1959,69.5,"No"
1681,1960,69.98833333,"No"
1682,1961,70.045,"No"
1683,1962,69.98666667,"No"
1684,1963,69.82666667,"No"
1685,1964,69.99,"No"
1686,1965,70.41333333,"No"
1687,1966,70.79,"No"
1688,1967,70.87833333,"No"
1689,1968,70.65333333,"No"
1690,1969,70.575,"No"
1691,1970,70.91833333,"No"
1692,1971,71.28166667,"No"
1693,1972,71.4,"No"
1694,1973,71.29333333,"No"
1695,1974,71.09666667,"No"
1696,1975,71.34833333,"No"
1697,1976,71.66333333,"No"
1698,1977,71.895,"No"
1699,1978,71.92,"No"
1700,1979,71.69666667,"No"
1701,1980,71.71333333,"No"
1702,1981,71.925,"No"
1703,1982,72.17833333,"No"
1704,1983,72.295,"No"
1705,1984,72.155,"No"
1706,1985,72,"No"
1707,1986,72.15333333,"No"
1708,1987,72.38,"No"
1709,1988,72.57333333,"No"
1710,1989,72.58166667,"No"
1711,1990,72.41166667,"No"
1712,1991,72.39666667,"No"
1713,1992,72.67333333,"No"
1714,1993,72.95166667,"No"
1715,1994,73.03833333,"No"
1716,1995,72.88666667,"No"
1717,1996,72.7,"No"
1718,1997,72.83833333,"No"
1719,1998,73.04166667,"No"
1720,1999,73.27833333,"No"
1721,2000,73.3,"No"
1722,2001,73.21833333,"No"
1723,2002,73.09166667,"No"
1724,2003,73.235,"No"
1725,2004,73.34666667,"No"
1726,2005,73.57,"No"
1727,2006,73.54833333,"No"
1728,2007,73.42833333,"No"
1729,2008,73.31,"No"
1730,2009,73.455,"No"
1731,2010,73.53166667,"No"
1732,2011,73.75333333,"No"
1733,2012,73.715,"No"
1734,2013,73.58833333,"No"
1735,2014,73.49,"No"
1736,2015,73.67166667,"No"
1737,2016,73.80333333,"No"
1738,2017,74.02333333,"No"
1739,2018,73.975,"No"
1740,2019,73.755,"No"
1741,2020,73.635,"No"
1742,2021,73.78833333,"No"
1743,2022,73.83,"No"
1744,2023,73.975,"No"
1745,2024,74,"No"
1746,2025,73.84166667,"No"
1747,2026,73.775,"No"
1748,2027,73.88833333,"No"
1749,2028,73.93166667,"No"
1750,2029,73.96666667,"No"
1751,2030,74.09833333,"No"
1752,2031,73.96833333,"No"
1753,2032,73.89,"No"
1754,2033,73.97833333,"No"
1755,2034,74.03666667,"No"
1756,2035,74.1,"No"
1757,2036,74.17833333,"No"
1758,2037,74.12833333,"No"
1759,2038,73.94166667,"No"
1760,2039,73.955,"No"
1761,2040,74.17166667,"No"
1762,2041,74.31166667,"No"
1763,2042,74.4,"No"
1764,2043,74.25833333,"No"
1765,2044,73.97166667,"No"
1766,2045,73.825,"No"
1767,2046,74.10833333,"No"
1768,2047,74.40166667,"No"
1769,2048,74.5,"No"
1770,2049,74.26333333,"No"
1771,2050,73.80666667,"No"
1772,2051,73.74,"No"
1773,2052,74.04166667,"No"
1774,2053,74.23333333,"No"
1775,2054,74.36833333,"No"
1776,2055,74.24833333,"No"
1777,2056,74.00333333,"No"
1778,2057,73.95833333,"No"
1779,2058,74.19,"No"
1780,2059,74.30333333,"No"
1781,2060,74.4,"No"
1782,2061,74.37666667,"No"
1783,2062,74.14,"No"
1784,2063,73.96666667,"No"
1785,2064,74.15833333,"No"
1786,2065,74.42333333,"No"
1787,2066,74.50666667,"No"
1788,2067,74.62833333,"No"
1789,2068,74.6,"No"
1790,2069,74.70333333,"No"
1791,2070,75.005,"No"
1792,2071,75.1,"No"
1793,2072,75.13333333,"No"
1794,2073,75.2,"No"
1795,2074,75.195,"No"
1796,2075,75.20833333,"No"
1797,2076,75.44333333,"No"
1798,2077,75.695,"No"
1799,2078,75.76166667,"No"
1800,2079,75.78,"No"
1801,2080,75.57,"No"
1802,2081,75.435,"No"
1803,2082,75.62833333,"No"
1804,2083,75.8,"No"
1805,2084,75.84,"No"
1806,2085,75.78166667,"No"
1807,2086,75.57,"No"
1808,2087,75.5,"No"
1809,2088,75.57666667,"No"
1810,2089,75.86,"No"
1811,2090,75.9,"No"
1812,2091,75.84833333,"No"
1813,2092,75.71833333,"No"
1814,2093,75.63166667,"No"
1815,2094,75.80666667,"No"
1816,2095,75.96166667,"No"
1817,2096,75.83166667,"No"
1818,2097,75.71166667,"No"
1819,2098,75.485,"No"
1820,2099,75.275,"No"
1821,2100,75.2,"No"
1822,2101,75.39166667,"No"
1823,2102,75.61166667,"No"
1824,2103,75.69833333,"No"
1825,2104,75.575,"No"
1826,2105,75.205,"No"
1827,2106,74.92,"No"
1828,2107,75.1,"No"
1829,2108,75.30333333,"No"
1830,2109,75.4,"No"
1831,2110,75.31,"No"
1832,2111,74.97333333,"No"
1833,2112,74.8,"No"
1834,2113,74.96,"No"
1835,2114,75.135,"No"
1836,2115,75.23833333,"No"
1837,2116,75.12833333,"No"
1838,2117,74.79,"No"
1839,2118,74.61666667,"No"
1840,2119,74.80166667,"No"
1841,2120,74.90333333,"No"
1842,2121,74.99,"No"
1843,2122,74.88833333,"No"
1844,2123,74.64666667,"No"
1845,2124,74.41,"No"
1846,2125,74.50166667,"No"
1847,2126,74.62166667,"No"
1848,2127,74.77,"No"
1849,2128,74.67666667,"No"
1850,2129,74.41833333,"No"
1851,2130,74.24333333,"No"
1852,2131,74.48,"No"
1853,2132,74.69166667,"No"
1854,2133,74.68333333,"No"
1855,2134,74.46,"No"
1856,2135,74.13666667,"No"
1857,2136,74.21333333,"No"
1858,2137,74.41666667,"No"
1859,2138,74.5,"No"
1860,2139,74.49333333,"No"
1861,2140,74.3,"No"
1862,2141,74.16666667,"No"
1863,2142,74.38333333,"No"
1864,2143,74.57666667,"No"
1865,2144,74.59,"No"
1866,2145,74.40833333,"No"
1867,2146,74.21,"No"
1868,2147,74.325,"No"
1869,2148,74.4,"No"
1870,2149,74.49,"No"
1871,2150,74.48833333,"No"
1872,2151,74.295,"No"
1873,2152,74.22,"No"
1874,2153,74.37,"No"
